<?xml version="1.0" encoding="UTF-8"?>

<beans xmlns="http://www.springframework.org/schema/beans"
   xmlns:context="http://www.springframework.org/schema/context"
   xmlns:xsi="http://www.w3.org/2001/XMLSchema-instance"
   xsi:schemaLocation="
   http://www.springframework.org/schema/beans     
   http://www.springframework.org/schema/beans/spring-beans-3.0.xsd
   http://www.springframework.org/schema/context 
   http://www.springframework.org/schema/context/spring-context-3.0.xsd">

   

   <bean class="org.springframework.web.servlet.view.InternalResourceViewResolver">
      <property name="prefix" value="/WEB-INF/jsp/" />
      <property name="suffix" value=".jsp" />
   </bean>
   
   
   <bean name="loginbean" class="com.bitwise.spring1.LoginBean"></bean>
   <bean name="loginvalidator" class="com.bitwise.spring1.LoginValidator"></bean>
   <bean name="productbean" class="com.bitwise.cart.ProductBean"></bean>
   
<context:component-scan base-package="com.bitwise.spring1" />
<context:component-scan base-package="com.bitwise.cart" />
</beans>